<log4net>
		<!-- Define some output appenders -->
		<appender name="RollingFileZipAppender"  type="log4net.Appender.RollingFileAppender">
			<file value="logs\rolling-log.txt" />
			<appendToFile value="true" />
			<maxSizeRollBackups value="10" />
			<maximumFileSize value="500KB" />
			<rollingStyle value="Size" />
			<staticLogFileName value="true" />
			<layout type="log4net.Layout.PatternLayout">
				<conversionPattern value="%date|%thread|%-5level|%logger|%message%newline" />
			</layout>
		</appender>	
		
	
	
	<appender name="traceToolAppender" type="TraceTool.Log4NetAppender,Log4NetAppender" >
		<Layout type="log4net.Layout.PatternLayout">
			<param name="ConversionPattern" value="[GridTalkLite] &#9; %d &#9; [%t] &#9; %-5p &#9; %c &#9; %m%n" />
		</Layout>
		<param name="SendLocationInfo" value="false" />
		<param name="SendPrivateObjectInfo" value="true" />
		<param name="RemoteHost" value="LocalHost" />
		<param name="RemotePort" value="8090" />
		<param name="TitleLayout" value="[prog] &#9; Date &#9; thread &#9; Level &#9; Logger &#9; message" />
		<param name="WinTraceId" value="Log4Demo" />
		<param name="WinTraceTitle" value="Log4Demo" />
		<param name="ImmediateFlush" value="true" />
		<param name="SendMode" value="WinMsg" /> 
		<param name="LogFile" value="2,Log4NetDemo.xml" /> 
				
	</appender>
		
	
		<!-- Example of how to configure the AdoNetAppender to connect to MS Access -->
		<root>
			 <level value="All" />		
		   <appender-ref ref="RollingFileZipAppender" />
		</root>
		
</log4net>